level,name,Total population,Population under age 18,Percent under age 18,Population ages 65+,Percent ages 65+,Male population,Percent male,Female population,Percent female,White population,Percent white,Black population,Percent black,Latino population,Percent Latino,Other race population,Percent other race,Foreign-born population,Percent foreign-born,Total households,Owner-occupied households,Homeownership rate,Cost-burdened households,Cost-burden rate,Households with 1+ vehicles,"Percent of households, 1+ vehicles",Adults ages 25+,Adults without high school diploma,"Percent of adults, no high school diploma",Adults with bachelor's or higher,"Percent of adults, bachelor's or higher",Median household income,Poverty status known,Population in poverty,Poverty rate,Low-income population,Low-income rate,"Under 18, poverty status known",Children in poverty,Child poverty rate,Low-income children,Child low-income rate,"Ages 65+, poverty status known",Seniors in poverty,Senior poverty rate,Low-income seniors,Senior low-income rate
3_state,Connecticut,3570549,735584,0.21,615466,0.17,1741688,0.49,1828861,0.51,2357942,0.66,352036,0.1,587212,0.16,273359,0.08,521384,0.15,1385437,915408,0.66,475395,0.35,1267082,0.91,2489205,225550,0.09,996000,0.4,79855,3466935,339156,0.1,772414,0.22,726564,94665,0.13,212862,0.29,595226,42641,0.07,124525,0.21
4_county,Fairfield County,944306,212144,0.22,150147,0.16,459827,0.49,484479,0.51,576391,0.61,99724,0.11,189215,0.2,78976,0.08,206892,0.22,345070,230123,0.67,131862,0.39,319567,0.93,646052,63181,0.1,316013,0.49,97539,926873,82718,0.09,191082,0.21,209799,24277,0.12,55432,0.26,145732,10093,0.07,27605,0.19
4_county,Hartford County,892153,187444,0.21,152812,0.17,433262,0.49,458891,0.51,536165,0.6,114203,0.13,163969,0.18,77816,0.09,136851,0.15,353653,226863,0.64,115205,0.33,317667,0.9,624179,62425,0.1,240369,0.39,76259,871495,94465,0.11,205980,0.24,185303,27213,0.15,58747,0.32,147773,13086,0.09,34316,0.23
4_county,Litchfield County,181143,32925,0.18,38580,0.21,89565,0.49,91578,0.51,158675,0.88,2742,0.02,12023,0.07,7703,0.04,13678,0.08,74902,57002,0.76,23550,0.32,70961,0.95,134696,8321,0.06,48299,0.36,81590,178814,13037,0.07,31190,0.17,32149,2784,0.09,6625,0.21,37626,1831,0.05,6753,0.18
4_county,Middlesex County,162742,28742,0.18,33127,0.2,79487,0.49,83255,0.51,135279,0.83,7970,0.05,10426,0.06,9067,0.06,12721,0.08,67765,49826,0.74,21180,0.32,64374,0.95,119739,6340,0.05,51145,0.43,84907,157562,11134,0.07,25874,0.16,28564,2378,0.08,5422,0.19,31791,1944,0.06,5769,0.18
4_county,New Haven County,855733,173017,0.2,148857,0.17,412404,0.48,443329,0.52,529955,0.62,107033,0.13,159144,0.19,59601,0.07,111518,0.13,332765,206810,0.62,120185,0.37,295631,0.89,598060,57791,0.1,215189,0.36,71370,829315,92566,0.11,209667,0.25,171047,27107,0.16,59873,0.35,143572,10722,0.07,32718,0.23
4_county,New London County,266868,52007,0.19,48749,0.18,133718,0.5,133150,0.5,199587,0.75,13792,0.05,29560,0.11,23929,0.09,23072,0.09,109616,73565,0.67,33349,0.31,102848,0.94,188088,13538,0.07,64656,0.34,75831,255313,21610,0.08,56173,0.22,51310,6324,0.12,15036,0.29,47128,2481,0.05,9466,0.2
4_county,Tolland County,150947,26175,0.17,23874,0.16,75699,0.5,75248,0.5,126330,0.84,4272,0.03,8669,0.06,11676,0.08,11205,0.07,56077,40181,0.72,15864,0.29,53515,0.95,96523,5063,0.05,40924,0.42,87809,136016,10746,0.08,24409,0.18,25651,1208,0.05,4136,0.16,23136,1020,0.04,3813,0.16
4_county,Windham County,116657,23130,0.2,19320,0.17,57726,0.49,58931,0.51,95560,0.82,2300,0.02,14206,0.12,4591,0.04,5447,0.05,45589,31038,0.68,14200,0.32,42519,0.93,81868,8891,0.11,19405,0.24,67365,111547,12880,0.12,28039,0.25,22741,3374,0.15,7591,0.33,18468,1464,0.08,4085,0.22
5_region,6 wealthiest Fairfield County,123871,35160,0.28,19857,0.16,60385,0.49,63486,0.51,105097,0.85,1391,0.01,6328,0.05,11055,0.09,16264,0.13,42543,36792,0.86,13515,0.32,41619,0.98,80806,1579,0.02,63290,0.78,NA,123269,3619,0.03,8879,0.07,35100,869,0.02,2433,0.07,19503,618,0.03,1714,0.09
5_region,Backus Hospital HSA,115573,23905,0.21,19349,0.17,57681,0.5,57892,0.5,87649,0.76,6100,0.05,10292,0.09,11532,0.1,9192,0.08,46287,32491,0.7,13749,0.3,43581,0.94,82132,7513,0.09,18329,0.22,NA,113381,9001,0.08,25376,0.22,23496,2157,0.09,6580,0.28,18873,1056,0.06,4155,0.22
5_region,Backus Hospital HSA other towns,76461,15945,0.21,12688,0.17,38905,0.51,37556,0.49,63696,0.83,2172,0.03,4131,0.05,6462,0.08,3555,0.05,29905,23814,0.8,7711,0.26,28968,0.97,54379,4373,0.08,12383,0.23,NA,74639,5022,0.07,13404,0.18,15684,1312,0.08,3709,0.24,12396,477,0.04,2177,0.18
5_region,Charlotte Hungerford HSA,99031,18922,0.19,20718,0.21,50082,0.51,48949,0.49,86594,0.87,2012,0.02,6478,0.07,3947,0.04,6954,0.07,40831,30476,0.75,12816,0.32,37725,0.92,73017,4686,0.06,24247,0.33,NA,97685,7879,0.08,18553,0.19,18456,1653,0.09,4139,0.22,20048,1065,0.05,3808,0.19
5_region,Charlotte Hungerford HSA other towns,54096,11082,0.2,11631,0.22,27140,0.5,26956,0.5,48574,0.9,834,0.02,2684,0.05,2004,0.04,3289,0.06,21636,17792,0.82,6260,0.3,20376,0.94,39381,1820,0.05,16139,0.41,NA,53586,2683,0.05,6602,0.12,10935,588,0.05,1208,0.11,11365,436,0.04,1772,0.16
5_region,Eastern cities,129365,25171,0.19,19766,0.15,64677,0.5,64688,0.5,74873,0.58,11082,0.09,30796,0.24,12614,0.1,16593,0.13,52496,24882,0.47,20074,0.39,46572,0.89,83832,9528,0.11,22950,0.27,NA,118689,18110,0.15,42290,0.36,24771,5525,0.22,11977,0.48,18781,1698,0.09,5209,0.28
5_region,Eastern Connecticut Health Network,220422,45521,0.21,34076,0.15,108758,0.49,111664,0.51,139104,0.63,23117,0.1,34404,0.16,23797,0.11,30995,0.14,88304,57107,0.65,27137,0.31,82596,0.94,153964,11000,0.07,58109,0.38,NA,218554,19650,0.09,49383,0.23,44780,4841,0.11,13403,0.3,33098,2450,0.07,6692,0.2
5_region,Eastern Connecticut Health Network other towns,83385,17308,0.21,13799,0.17,41809,0.5,41576,0.5,69372,0.83,1731,0.02,3874,0.05,8408,0.1,7934,0.1,32543,26662,0.82,7476,0.23,31662,0.97,58188,1940,0.03,27935,0.48,NA,82976,4099,0.05,10010,0.12,17039,770,0.05,1882,0.11,13674,436,0.03,1777,0.13
5_region,Greater Bridgeport,321760,73835,0.23,47933,0.15,155556,0.48,166204,0.52,160477,0.5,58558,0.18,80564,0.25,22161,0.07,67022,0.21,114095,73826,0.65,48073,0.43,101730,0.89,212690,29087,0.14,81076,0.38,NA,312129,41487,0.13,85486,0.27,72988,13218,0.18,25879,0.35,46313,4072,0.09,10819,0.23
5_region,Greater Danbury,264375,56327,0.21,48029,0.18,129635,0.49,134740,0.51,198651,0.75,10559,0.04,36091,0.14,19074,0.07,45412,0.17,99246,75042,0.76,34228,0.35,94362,0.95,186325,14122,0.08,86930,0.47,NA,258928,16631,0.06,44128,0.17,55488,4268,0.08,12490,0.23,46636,2857,0.06,7632,0.16
5_region,Greater Danbury other towns,152832,33793,0.22,31251,0.2,75006,0.49,77826,0.51,131510,0.86,3161,0.02,9640,0.06,8521,0.06,16410,0.11,57951,49167,0.85,18444,0.32,55903,0.96,108262,3980,0.04,59311,0.55,NA,151063,5851,0.04,17911,0.12,33389,1171,0.04,4591,0.14,30483,1740,0.06,4381,0.14
5_region,Greater Hartford,970597,198227,0.2,164441,0.17,473791,0.49,496806,0.51,607217,0.63,115252,0.12,162509,0.17,85619,0.09,142270,0.15,380683,247283,0.65,121796,0.33,344321,0.9,669033,63046,0.09,265822,0.4,NA,935651,98782,0.11,214636,0.23,195720,26541,0.14,58398,0.3,159057,13230,0.08,35605,0.22
5_region,Greater New Haven,463099,92764,0.2,78002,0.17,222346,0.48,240753,0.52,276773,0.6,72776,0.16,76719,0.17,36831,0.08,63573,0.14,176463,105204,0.6,67144,0.39,155604,0.88,317408,25870,0.08,131574,0.41,NA,443839,50727,0.11,112198,0.25,91712,14557,0.16,31278,0.34,75695,5194,0.07,16370,0.22
5_region,Greater Norwalk,165862,38694,0.23,26055,0.16,81136,0.49,84726,0.51,110207,0.66,12033,0.07,28828,0.17,14794,0.09,35595,0.21,60799,42713,0.7,22015,0.37,58279,0.96,114512,8628,0.08,67462,0.59,NA,164777,10224,0.06,24531,0.15,38321,2446,0.06,6636,0.17,25553,1495,0.06,3717,0.15
5_region,Greater Norwalk other towns,77107,21450,0.28,12436,0.16,37576,0.49,39531,0.51,64708,0.84,837,0.01,4065,0.05,7497,0.1,10340,0.13,26372,23003,0.87,8447,0.32,25912,0.98,50320,929,0.02,39466,0.78,NA,76632,2219,0.03,4980,0.06,21390,525,0.02,1204,0.06,12190,324,0.03,948,0.08
5_region,Greater Waterbury,332063,68663,0.21,62240,0.19,163545,0.49,168518,0.51,231108,0.7,26783,0.08,55701,0.17,18471,0.06,38416,0.12,129527,89941,0.69,43649,0.35,118118,0.91,236166,23605,0.1,80138,0.34,NA,326245,32974,0.1,74688,0.23,67622,9805,0.14,21116,0.31,60497,4024,0.07,12854,0.21
5_region,Hartford Foundation,754964,156724,0.21,129146,0.17,368315,0.49,386649,0.51,455326,0.6,104623,0.14,123837,0.16,71178,0.09,116571,0.15,299166,194868,0.65,95379,0.33,269559,0.9,531223,48577,0.09,220916,0.42,NA,735879,74705,0.1,161588,0.22,154943,19710,0.13,43130,0.28,124551,10714,0.09,27667,0.22
5_region,Hartford Foundation other towns,495378,100064,0.2,94535,0.19,243175,0.49,252203,0.51,367283,0.74,40586,0.08,38538,0.08,48971,0.1,67705,0.14,195683,152523,0.78,52408,0.27,185288,0.95,358189,19335,0.05,177644,0.5,NA,484577,26734,0.06,63061,0.13,99255,5245,0.05,13146,0.13,91193,5294,0.06,15949,0.17
5_region,Hartford Hospital HSA,500973,103300,0.21,82482,0.16,242252,0.48,258721,0.52,248234,0.5,96223,0.19,107856,0.22,48660,0.1,89724,0.18,199440,117400,0.59,69395,0.36,174214,0.87,349499,40789,0.12,126792,0.36,NA,487755,61903,0.13,131542,0.27,102063,17667,0.17,37035,0.36,79596,8548,0.11,20928,0.26
5_region,Hartford Hospital HSA other towns,270687,51922,0.19,52580,0.19,131376,0.49,139311,0.51,181793,0.67,34168,0.13,25489,0.09,29237,0.11,44156,0.16,108906,81726,0.75,30921,0.29,101808,0.93,197441,12883,0.07,91153,0.46,NA,265476,16734,0.06,40042,0.15,51649,3492,0.07,8573,0.17,50678,3368,0.07,10101,0.2
5_region,Hartford Inner Ring,421057,82011,0.19,76712,0.18,204761,0.49,216296,0.51,266562,0.63,54957,0.13,56977,0.14,42561,0.1,66848,0.16,171753,117094,0.68,53148,0.32,159514,0.93,303506,23526,0.08,120717,0.4,NA,414380,33157,0.08,83599,0.2,81229,7681,0.09,21386,0.26,74065,5762,0.08,15871,0.21
5_region,Hartford Outer Ring,354448,70612,0.2,63850,0.18,175889,0.5,178559,0.5,294198,0.83,9131,0.03,19785,0.06,31334,0.09,36220,0.1,133525,107051,0.8,33822,0.26,128255,0.96,242629,10765,0.04,123568,0.51,NA,335599,18590,0.06,42025,0.13,69641,3221,0.05,7911,0.11,61956,2980,0.05,9762,0.16
5_region,Health Improvement Collaborative of Southeastern Connecticut area,151468,28530,0.19,29137,0.19,75788,0.5,75680,0.5,110481,0.73,7951,0.05,19038,0.13,13998,0.09,13599,0.09,63043,40397,0.64,19566,0.32,58895,0.93,105606,6572,0.06,42836,0.41,NA,142061,13158,0.09,31508,0.22,28161,4200,0.15,8832,0.31,27991,1482,0.05,5123,0.18
5_region,Health Improvement Collaborative of Southeastern Connecticut area other towns,124467,23530,0.19,25742,0.21,62793,0.5,61674,0.5,98001,0.79,4509,0.04,9990,0.08,11967,0.1,8525,0.07,52052,36024,0.69,14884,0.29,49779,0.96,89091,4245,0.05,38345,0.43,NA,118783,7587,0.06,21387,0.18,23232,2254,0.1,5929,0.26,24773,1084,0.04,3949,0.16
5_region,Hospital of Central Connecticut HSA,261125,53902,0.21,47011,0.18,126175,0.48,134950,0.52,180644,0.69,14165,0.05,50118,0.19,16198,0.06,33661,0.13,104565,68672,0.66,33779,0.33,95680,0.92,182922,19288,0.11,55512,0.3,NA,257082,27583,0.11,62732,0.24,53372,8800,0.16,19351,0.36,45811,3402,0.07,10748,0.23
5_region,Hospital of Central Connecticut HSA other towns,188582,36745,0.19,37466,0.2,91225,0.48,97357,0.52,152498,0.81,5652,0.03,19140,0.1,11292,0.06,20264,0.11,76882,57434,0.75,22263,0.3,72465,0.94,137282,10715,0.08,47073,0.34,NA,187134,12968,0.07,32874,0.18,36469,3555,0.1,8713,0.24,36709,2320,0.06,7579,0.21
5_region,Lower Naugatuck Valley,139287,26145,0.19,26206,0.19,68263,0.49,71024,0.51,107676,0.77,7068,0.05,17092,0.12,7451,0.05,16241,0.12,56218,41175,0.73,18907,0.34,52375,0.93,102271,7340,0.07,34746,0.34,NA,137891,9700,0.07,25838,0.19,25779,2445,0.09,6198,0.24,25290,1676,0.07,5224,0.21
5_region,MidState Medical Center HSA,176710,32994,0.19,34229,0.19,84339,0.48,92371,0.52,129547,0.73,7118,0.04,28656,0.16,11389,0.06,18456,0.1,70863,50943,0.72,19243,0.28,65406,0.92,129637,12217,0.09,46190,0.36,NA,172318,11631,0.07,29962,0.17,32693,3047,0.09,8171,0.25,32667,2154,0.07,6574,0.2
5_region,MidState Medical Center HSA other towns,117198,21231,0.18,24775,0.21,56770,0.48,60428,0.52,97726,0.83,2242,0.02,8776,0.07,8454,0.07,12007,0.1,45641,36356,0.8,10996,0.25,43121,0.94,86927,6169,0.07,36889,0.42,NA,113513,5243,0.05,12722,0.11,20977,1139,0.05,2827,0.13,23790,1388,0.06,3972,0.17
5_region,Natchaug Hospital HSA,81231,12483,0.15,11341,0.14,40283,0.5,40948,0.5,60781,0.75,2111,0.03,12761,0.16,5578,0.07,6540,0.08,27089,17831,0.66,9130,0.35,25213,0.93,44547,4268,0.1,15508,0.35,NA,65392,10245,0.16,20489,0.31,12273,2188,0.18,4648,0.38,10965,730,0.07,2300,0.21
5_region,Natchaug Hospital HSA other towns,56613,7669,0.14,7995,0.14,28609,0.51,28004,0.49,48380,0.85,923,0.02,2541,0.04,4769,0.08,4095,0.07,18150,13916,0.77,5270,0.3,17439,0.96,30086,1763,0.06,12567,0.42,NA,44181,4908,0.11,9917,0.22,7500,527,0.07,1404,0.19,7901,361,0.05,1517,0.19
5_region,New Haven Inner Ring,144051,28083,0.19,21841,0.15,69330,0.48,74721,0.52,79243,0.55,26026,0.18,27357,0.19,11425,0.08,22175,0.15,52555,32158,0.61,19973,0.39,47317,0.9,96045,8738,0.09,31952,0.33,NA,134845,13276,0.1,32457,0.24,27751,3377,0.12,9029,0.33,21031,1273,0.06,4406,0.21
5_region,New Haven Outer Ring,188667,35234,0.19,42008,0.22,92235,0.49,96432,0.51,159647,0.85,5233,0.03,9185,0.05,14602,0.08,18696,0.1,74857,59331,0.79,22975,0.31,71814,0.96,140364,5444,0.04,71074,0.51,NA,187234,6792,0.04,20590,0.11,34976,1205,0.03,3572,0.1,41014,1548,0.04,5853,0.14
5_region,Other New Haven County cities,103940,18915,0.18,19429,0.19,48235,0.46,55705,0.54,67713,0.65,5366,0.05,24846,0.24,6015,0.06,11840,0.11,43597,27859,0.64,13177,0.31,39279,0.9,77168,8987,0.12,21433,0.28,NA,102254,9144,0.09,22877,0.22,18862,2446,0.13,6413,0.34,18174,1424,0.08,4524,0.25
5_region,Sharon Hospital HSA,19226,3142,0.16,5380,0.28,9425,0.49,9801,0.51,17174,0.89,206,0.01,909,0.05,937,0.05,1260,0.07,8092,6291,0.78,2322,0.3,7661,0.95,14609,787,0.05,6509,0.45,NA,18719,1539,0.08,3451,0.18,3061,425,0.14,683,0.22,5204,130,0.02,759,0.15
5_region,St. Vincent's Medical Center HSA,376263,83331,0.22,58621,0.16,182548,0.49,193715,0.51,205263,0.55,60177,0.16,83825,0.22,26998,0.07,73428,0.2,136455,90488,0.66,55247,0.41,123016,0.9,253935,31017,0.12,99831,0.39,NA,366210,43713,0.12,91629,0.25,82406,13610,0.17,26970,0.33,56695,4570,0.08,12342,0.22
5_region,St. Vincent's Medical Center HSA other towns,231249,49570,0.21,41524,0.18,113141,0.49,118108,0.51,177234,0.77,14068,0.06,22914,0.1,17033,0.07,30163,0.13,84817,68643,0.81,28541,0.34,81419,0.96,160081,8623,0.05,81347,0.51,NA,225456,11045,0.05,27679,0.12,48996,2415,0.05,6444,0.13,40283,1786,0.04,5781,0.14
5_region,Stamford Hospital HSA,151809,32121,0.21,23032,0.15,74138,0.49,77671,0.51,82092,0.54,17295,0.11,36110,0.24,16312,0.11,45463,0.3,57897,31579,0.55,23622,0.41,53091,0.92,106749,10287,0.1,60201,0.56,NA,150896,12548,0.08,31686,0.21,31859,3567,0.11,8772,0.28,22511,1622,0.07,4989,0.22
5_region,Windham Hospital HSA,81231,12483,0.15,11341,0.14,40283,0.5,40948,0.5,60781,0.75,2111,0.03,12761,0.16,5578,0.07,6540,0.08,27089,17831,0.66,9130,0.35,25213,0.93,44547,4268,0.1,15508,0.35,NA,65392,10245,0.16,20489,0.31,12273,2188,0.18,4648,0.38,10965,730,0.07,2300,0.21
5_region,Windham Hospital HSA other towns,56613,7669,0.14,7995,0.14,28609,0.51,28004,0.49,48380,0.85,923,0.02,2541,0.04,4769,0.08,4095,0.07,18150,13916,0.77,5270,0.3,17439,0.96,30086,1763,0.06,12567,0.42,NA,44181,4908,0.11,9917,0.22,7500,527,0.07,1404,0.19,7901,361,0.05,1517,0.19
7_town,Bethel,19822,4577,0.23,2883,0.15,9434,0.48,10388,0.52,14840,0.75,1310,0.07,1856,0.09,1816,0.09,3902,0.2,7233,5467,0.76,2692,0.38,6855,0.95,13490,705,0.05,6214,0.46,94973,19593,732,0.04,4078,0.21,4508,170,0.04,1521,0.34,2724,157,0.06,446,0.16
7_town,Bridgeport,145014,33761,0.23,17097,0.12,69407,0.48,75607,0.52,28029,0.19,46109,0.32,60911,0.42,9965,0.07,43265,0.3,51638,21845,0.42,26706,0.53,41597,0.81,93854,22394,0.24,18484,0.2,47484,140754,32668,0.23,63950,0.45,33410,11195,0.34,20526,0.61,16412,2784,0.17,6561,0.4
7_town,Brookfield,17010,3940,0.23,3313,0.19,8386,0.49,8624,0.51,14752,0.87,304,0.02,882,0.05,1072,0.06,2265,0.13,6209,5322,0.86,1974,0.32,6013,0.97,11816,471,0.04,6185,0.52,117292,16911,803,0.05,1680,0.1,3877,205,0.05,391,0.1,3277,167,0.05,327,0.1
7_town,Danbury,84650,17198,0.2,12796,0.15,42104,0.5,42546,0.5,44093,0.52,6921,0.08,24554,0.29,9082,0.11,26307,0.31,31074,17711,0.57,12253,0.4,28409,0.91,58479,9116,0.16,19608,0.34,73204,81307,8939,0.11,22225,0.27,16874,2706,0.16,6997,0.41,12357,999,0.08,2684,0.22
7_town,Darien,21752,6955,0.32,2957,0.14,10706,0.49,11046,0.51,18746,0.86,202,0.01,874,0.04,1930,0.09,2546,0.12,6945,5952,0.86,2021,0.29,6793,0.98,13280,274,0.02,11442,0.86,243750,21752,748,0.03,1171,0.05,6955,172,0.02,269,0.04,2957,69,0.02,162,0.05
7_town,Easton,7510,1622,0.22,1557,0.21,3803,0.51,3707,0.49,6862,0.91,2,0,202,0.03,444,0.06,770,0.1,2727,2414,0.89,766,0.28,2707,0.99,5556,141,0.03,3921,0.71,166875,7498,198,0.03,414,0.06,1610,73,0.05,87,0.05,1557,17,0.01,87,0.06
7_town,Fairfield,61954,14507,0.23,9693,0.16,29976,0.48,31978,0.52,52138,0.84,1060,0.02,4634,0.07,4122,0.07,7675,0.12,21176,17510,0.83,6838,0.33,20802,0.98,39065,1601,0.04,26354,0.67,140308,57278,3040,0.05,7526,0.13,14235,367,0.03,1682,0.12,9131,398,0.04,1295,0.14
7_town,Greenwich,62714,16085,0.26,10929,0.17,30133,0.48,32581,0.52,46458,0.74,1506,0.02,7926,0.13,6824,0.11,13776,0.22,22383,14952,0.67,7534,0.34,21564,0.96,42495,1615,0.04,29579,0.7,167537,62249,3297,0.05,8005,0.13,16057,892,0.06,2280,0.14,10566,570,0.05,1265,0.12
7_town,Monroe,19492,4872,0.25,2905,0.15,9875,0.51,9617,0.49,15742,0.81,471,0.02,1335,0.07,1944,0.1,2158,0.11,6653,5969,0.9,2258,0.34,6387,0.96,12864,505,0.04,6308,0.49,121847,19492,583,0.03,1580,0.08,4872,122,0.03,271,0.06,2905,5,0,390,0.13
7_town,New Canaan,20249,5549,0.27,3158,0.16,9321,0.46,10928,0.54,17777,0.88,111,0.01,1126,0.06,1235,0.06,2411,0.12,6855,5574,0.81,2216,0.33,6716,0.98,12943,239,0.02,10252,0.79,200203,20175,516,0.03,1206,0.06,5549,56,0.01,306,0.06,3131,117,0.04,295,0.09
7_town,New Fairfield,13924,3298,0.24,2283,0.16,6887,0.49,7037,0.51,11971,0.86,64,0,1228,0.09,661,0.05,1081,0.08,4693,4347,0.93,1447,0.31,4682,1,9175,286,0.03,4169,0.45,114583,13759,603,0.04,1578,0.11,3133,163,0.05,466,0.15,2283,58,0.03,282,0.12
7_town,Newtown,27824,6064,0.22,4652,0.17,14035,0.5,13789,0.5,24429,0.88,415,0.01,1709,0.06,1271,0.05,2111,0.08,9934,8940,0.9,2887,0.3,9749,0.98,19500,682,0.03,10008,0.51,125028,27206,917,0.03,2523,0.09,6016,191,0.03,450,0.07,4521,182,0.04,561,0.12
7_town,Norwalk,88755,17244,0.19,13619,0.15,43560,0.49,45195,0.51,45499,0.51,11196,0.13,24763,0.28,7297,0.08,25255,0.28,34427,19710,0.57,13568,0.41,32367,0.94,64192,7699,0.12,27996,0.44,89486,88145,8005,0.09,19551,0.22,16931,1921,0.11,5432,0.32,13363,1171,0.09,2769,0.21
7_town,Redding,9123,2065,0.23,2042,0.22,4422,0.48,4701,0.52,8191,0.9,30,0,489,0.05,413,0.05,893,0.1,3425,2893,0.84,1137,0.34,3316,0.97,6458,151,0.02,4293,0.66,135928,8978,270,0.03,761,0.08,2065,32,0.02,120,0.06,1926,168,0.09,264,0.14
7_town,Ridgefield,25012,6755,0.27,4464,0.18,12103,0.48,12909,0.52,21643,0.87,352,0.01,1389,0.06,1628,0.07,3378,0.14,9226,7837,0.85,3047,0.34,8914,0.97,17206,376,0.02,12382,0.72,152630,24885,652,0.03,2728,0.11,6755,172,0.03,960,0.14,4356,225,0.05,604,0.14
7_town,Shelton,41162,6957,0.17,8868,0.22,19603,0.48,21559,0.52,33870,0.82,936,0.02,3559,0.09,2797,0.07,4852,0.12,16516,13139,0.8,4826,0.3,15576,0.94,30655,1727,0.06,13193,0.43,98873,40549,2185,0.05,5535,0.14,6791,515,0.08,944,0.14,8448,356,0.04,1562,0.18
7_town,Sherman,3634,555,0.15,897,0.25,1890,0.52,1744,0.48,3368,0.93,0,0,121,0.03,145,0.04,247,0.07,1586,1397,0.88,355,0.23,1389,0.88,2827,50,0.02,1643,0.58,120682,3634,61,0.02,266,0.07,555,0,0,16,0.03,897,22,0.02,85,0.09
7_town,Stamford,130057,25166,0.19,20075,0.15,63432,0.49,66625,0.51,63346,0.49,17093,0.13,35236,0.27,14382,0.11,42917,0.33,50952,25627,0.5,21601,0.43,46298,0.91,93469,10013,0.11,48759,0.52,96885,129144,11800,0.09,30515,0.24,24904,3395,0.14,8503,0.34,19554,1553,0.08,4827,0.25
7_town,Stratford,51982,9914,0.19,10357,0.2,24715,0.48,27267,0.52,29849,0.57,9734,0.19,10131,0.19,2268,0.04,7700,0.15,19987,15763,0.79,7602,0.39,18737,0.94,37493,3352,0.09,12388,0.33,82286,51502,3744,0.07,9412,0.18,9743,1014,0.1,2592,0.27,10098,722,0.07,1888,0.19
7_town,Trumbull,35808,9159,0.26,6324,0.18,17780,0.5,18028,0.5,27857,0.78,1182,0.03,3351,0.09,3418,0.1,5454,0.15,11914,10325,0.87,3903,0.33,11500,0.97,23858,1094,0.05,13621,0.57,129239,35605,1254,0.04,2604,0.07,9118,447,0.05,721,0.08,6210,146,0.02,598,0.1
7_town,Weston,10278,2846,0.28,1464,0.14,5198,0.51,5080,0.49,8468,0.82,248,0.02,511,0.05,1051,0.1,1407,0.14,3531,3457,0.98,1340,0.39,3502,0.99,6875,119,0.02,5377,0.78,207863,10278,305,0.03,702,0.07,2846,32,0.01,121,0.04,1464,61,0.04,119,0.08
7_town,Westport,28175,7643,0.27,5008,0.18,13728,0.49,14447,0.51,23504,0.83,306,0.01,1765,0.06,2600,0.09,3795,0.13,10031,8709,0.87,2924,0.3,9845,0.98,18830,361,0.02,14865,0.79,222375,28004,965,0.03,1968,0.07,7603,255,0.03,428,0.06,4944,98,0.02,329,0.07
7_town,Wilton,18405,5412,0.29,2806,0.15,9329,0.51,9076,0.49,14959,0.81,172,0.01,663,0.04,2611,0.14,2727,0.15,5955,5263,0.88,1967,0.33,5849,0.98,11672,210,0.02,8972,0.77,204473,18175,433,0.02,1104,0.06,5392,182,0.03,349,0.06,2651,48,0.02,205,0.08
7_town,Avon,18302,4415,0.24,3897,0.21,8998,0.49,9304,0.51,14430,0.79,156,0.01,642,0.04,3074,0.17,3593,0.2,7180,6013,0.84,1831,0.26,7014,0.98,13023,421,0.03,8690,0.67,123077,18103,793,0.04,1582,0.09,4390,186,0.04,355,0.08,3735,171,0.05,502,0.13
7_town,Berlin,20460,4230,0.21,4655,0.23,9714,0.47,10746,0.53,18199,0.89,132,0.01,893,0.04,1236,0.06,2011,0.1,8242,6919,0.84,2323,0.29,7887,0.96,14895,999,0.07,6461,0.43,102075,20399,893,0.04,2597,0.13,4181,265,0.06,769,0.18,4655,271,0.06,633,0.14
7_town,Bloomfield,21128,3265,0.15,5373,0.25,9640,0.46,11488,0.54,6600,0.31,11393,0.54,1776,0.08,1359,0.06,4932,0.23,8620,5873,0.68,3099,0.37,7768,0.9,16386,1531,0.09,6119,0.37,79134,20782,1604,0.08,3210,0.15,3225,195,0.06,617,0.19,5131,508,0.1,1009,0.2
7_town,Bristol,60039,12527,0.21,10254,0.17,28924,0.48,31115,0.52,43763,0.73,3218,0.05,9894,0.16,3164,0.05,5183,0.09,24408,15470,0.63,8243,0.34,22320,0.91,42875,4160,0.1,11375,0.27,68485,59425,6080,0.1,14418,0.24,12398,1833,0.15,4201,0.34,9861,775,0.08,2267,0.23
7_town,Burlington,9678,2406,0.25,1378,0.14,4914,0.51,4764,0.49,8936,0.92,2,0,225,0.02,515,0.05,517,0.05,3442,3177,0.92,732,0.22,3373,0.98,6645,201,0.03,3423,0.52,129783,9668,288,0.03,1019,0.11,2396,35,0.01,189,0.08,1378,72,0.05,167,0.12
7_town,Canton,10274,2085,0.2,2415,0.24,4867,0.47,5407,0.53,8876,0.86,339,0.03,669,0.07,390,0.04,853,0.08,4238,3365,0.79,1408,0.34,3813,0.9,7574,131,0.02,3966,0.52,89863,10117,310,0.03,1048,0.1,2034,19,0.01,221,0.11,2320,61,0.03,262,0.11
7_town,East Granby,5370,1369,0.25,954,0.18,2368,0.44,3002,0.56,3946,0.73,85,0.02,797,0.15,542,0.1,343,0.06,1939,1552,0.8,493,0.25,1860,0.96,3760,275,0.07,1963,0.52,107566,5276,175,0.03,351,0.07,1275,0,0,33,0.03,954,0,0,47,0.05
7_town,East Hartford,50036,10652,0.21,6750,0.13,25140,0.5,24896,0.5,16335,0.33,11225,0.22,19125,0.38,3351,0.07,10872,0.22,18874,11041,0.58,7339,0.4,16810,0.89,34008,5020,0.15,6799,0.2,59954,49520,6801,0.14,16778,0.34,10318,1950,0.19,5128,0.5,6633,994,0.15,1943,0.29
7_town,East Windsor,11502,1945,0.17,2204,0.19,5689,0.49,5813,0.51,8301,0.72,819,0.07,946,0.08,1436,0.12,1609,0.14,4988,3558,0.71,1415,0.29,4692,0.94,8839,529,0.06,3476,0.39,78667,11274,1095,0.1,2216,0.2,1930,415,0.22,540,0.28,2033,114,0.06,561,0.28
7_town,Enfield,43952,8190,0.19,7290,0.17,23249,0.53,20703,0.47,32711,0.74,2976,0.07,4727,0.11,3538,0.08,2869,0.07,16897,12940,0.77,4332,0.26,16160,0.96,32028,2300,0.07,9364,0.29,83232,41211,3115,0.08,8076,0.2,8143,563,0.07,1971,0.24,6957,346,0.05,1231,0.18
7_town,Farmington,25498,5218,0.2,5083,0.2,12158,0.48,13340,0.52,18692,0.73,915,0.04,1822,0.07,4069,0.16,5046,0.2,10479,7655,0.73,3113,0.31,9851,0.94,18634,831,0.04,11191,0.6,97262,25288,2026,0.08,3796,0.15,5202,365,0.07,603,0.12,4940,387,0.08,1139,0.23
7_town,Glastonbury,34527,7358,0.21,6972,0.2,16871,0.49,17656,0.51,27950,0.81,559,0.02,2309,0.07,3709,0.11,4491,0.13,13958,11250,0.81,3050,0.23,13334,0.96,24710,531,0.02,15752,0.64,120605,34326,1156,0.03,3024,0.09,7333,105,0.01,484,0.07,6847,337,0.05,963,0.14
7_town,Granby,11410,2340,0.21,2326,0.2,5984,0.52,5426,0.48,10810,0.95,36,0,271,0.02,293,0.03,496,0.04,4413,4057,0.92,990,0.23,4350,0.99,8353,271,0.03,4669,0.56,111347,11315,293,0.03,745,0.07,2340,35,0.01,141,0.06,2239,152,0.07,258,0.12
7_town,Hartford,122549,28447,0.23,14334,0.12,58191,0.47,64358,0.53,18311,0.15,42651,0.35,54769,0.45,6818,0.06,25805,0.21,47722,11900,0.25,23310,0.52,33337,0.7,77258,20182,0.26,13098,0.17,36154,115724,32420,0.28,59154,0.51,27947,10394,0.37,18463,0.66,13934,3406,0.24,6803,0.49
7_town,Hartland,1883,317,0.17,357,0.19,929,0.49,954,0.51,1720,0.91,3,0,2,0,158,0.08,45,0.02,789,719,0.91,172,0.22,770,0.98,1432,64,0.04,444,0.31,97850,1864,25,0.01,191,0.1,298,0,0,50,0.17,357,9,0.03,54,0.15
7_town,Manchester,57701,12279,0.21,8818,0.15,27545,0.48,30156,0.52,31795,0.55,8179,0.14,8473,0.15,9254,0.16,8891,0.15,23938,12733,0.53,7825,0.33,22259,0.93,40792,2704,0.07,15742,0.39,74270,57035,5948,0.1,15568,0.27,12149,1831,0.15,4871,0.4,8351,780,0.09,2081,0.25
7_town,Marlborough,6351,1375,0.22,1054,0.17,3179,0.5,3172,0.5,5826,0.92,91,0.01,320,0.05,114,0.02,311,0.05,2289,2038,0.89,478,0.21,2289,1,4586,169,0.04,2059,0.45,113547,6248,523,0.08,1022,0.16,1375,56,0.04,273,0.2,951,70,0.07,166,0.17
7_town,New Britain,72543,17157,0.24,9545,0.13,34950,0.48,37593,0.52,28146,0.39,8513,0.12,30978,0.43,4906,0.07,13397,0.18,27683,11238,0.41,11516,0.43,23215,0.84,45640,8573,0.19,8439,0.18,47393,69948,14615,0.21,29858,0.43,16903,5245,0.31,10638,0.63,9102,1082,0.12,3169,0.35
7_town,Newington,30114,5085,0.17,6514,0.22,14545,0.48,15569,0.52,22546,0.75,1121,0.04,2932,0.1,3515,0.12,5999,0.2,12581,9791,0.78,3384,0.28,11764,0.94,22870,1750,0.08,8883,0.39,82721,29924,2514,0.08,4961,0.17,5074,524,0.1,971,0.19,6338,397,0.06,1399,0.22
7_town,Plainville,17605,3012,0.17,3383,0.19,9093,0.52,8512,0.48,14605,0.83,303,0.02,1805,0.1,892,0.05,1996,0.11,8187,5533,0.68,2349,0.3,7871,0.96,13068,1185,0.09,3643,0.28,70012,17460,1077,0.06,3790,0.22,2991,284,0.09,891,0.3,3369,253,0.08,1003,0.3
7_town,Rocky Hill,20147,3412,0.17,4429,0.22,9578,0.48,10569,0.52,13817,0.69,894,0.04,1094,0.05,4342,0.22,5398,0.27,8677,5685,0.66,2255,0.26,8046,0.93,15330,792,0.05,7595,0.5,85123,19901,696,0.03,3193,0.16,3412,74,0.02,474,0.14,4207,248,0.06,932,0.22
7_town,Simsbury,25025,6431,0.26,4280,0.17,12151,0.49,12874,0.51,20807,0.83,829,0.03,1522,0.06,1867,0.07,2306,0.09,9384,7261,0.77,2088,0.23,9068,0.97,17434,365,0.02,11370,0.65,128829,24704,1303,0.05,2539,0.1,6394,350,0.05,568,0.09,4065,255,0.06,660,0.16
7_town,Southington,43753,8603,0.2,9054,0.21,20942,0.48,22811,0.52,38885,0.89,651,0.01,2290,0.05,1927,0.04,3923,0.09,17059,14262,0.84,4249,0.25,16352,0.96,31600,1971,0.06,13051,0.41,101098,43446,1792,0.04,5238,0.12,8541,530,0.06,1480,0.17,8967,466,0.05,1540,0.17
7_town,South Windsor,25962,5961,0.23,4187,0.16,12801,0.49,13161,0.51,19383,0.75,925,0.04,1433,0.06,4221,0.16,4186,0.16,9753,8390,0.86,2311,0.24,9347,0.96,17989,593,0.03,9545,0.53,119972,25942,1012,0.04,2637,0.1,5943,254,0.04,580,0.1,4187,184,0.04,622,0.15
7_town,Suffield,15730,2761,0.18,2515,0.16,8849,0.56,6881,0.44,12423,0.79,1436,0.09,1035,0.07,836,0.05,1197,0.08,5125,4535,0.88,1155,0.23,5033,0.98,11297,968,0.09,4774,0.42,110938,13470,204,0.02,570,0.04,2649,0,0,64,0.02,2278,23,0.01,156,0.07
7_town,West Hartford,63023,13721,0.22,11833,0.19,29441,0.47,33582,0.53,44645,0.71,4005,0.06,7567,0.12,6806,0.11,10924,0.17,25406,17624,0.69,7358,0.29,23383,0.92,44182,2622,0.06,28612,0.65,105230,61986,3951,0.06,8496,0.14,13670,957,0.07,1917,0.14,11310,1013,0.09,2413,0.21
7_town,Wethersfield,26068,5045,0.19,5329,0.2,12544,0.48,13524,0.52,20717,0.79,1367,0.05,2278,0.09,1706,0.07,3658,0.14,10929,8604,0.79,3280,0.31,10223,0.94,18895,1246,0.07,8934,0.47,90881,26038,1514,0.06,3730,0.14,5017,300,0.06,815,0.16,5329,318,0.06,1232,0.23
7_town,Windsor,28791,5298,0.18,5421,0.19,13889,0.48,14902,0.52,13073,0.45,10668,0.37,2736,0.1,2314,0.08,4581,0.16,11055,9261,0.84,3487,0.32,10425,0.94,20922,1520,0.07,8625,0.41,92079,28418,1233,0.04,3523,0.12,5235,210,0.04,688,0.13,5186,240,0.05,702,0.14
7_town,Windsor Locks,12732,2540,0.2,2208,0.17,6119,0.48,6613,0.52,9917,0.78,712,0.06,639,0.05,1464,0.11,1419,0.11,5398,4419,0.82,1620,0.3,5053,0.94,9154,521,0.06,2307,0.25,72090,12683,1009,0.08,2650,0.21,2540,238,0.09,752,0.3,2159,154,0.07,402,0.19
7_town,Barkhamsted,3626,726,0.2,846,0.23,1834,0.51,1792,0.49,3364,0.93,2,0,72,0.02,188,0.05,221,0.06,1342,1216,0.91,239,0.18,1320,0.98,2613,124,0.05,1170,0.45,103500,3626,212,0.06,357,0.1,726,70,0.1,70,0.1,846,27,0.03,99,0.12
7_town,Bethlehem,3413,720,0.21,715,0.21,1787,0.52,1626,0.48,3132,0.92,12,0,101,0.03,168,0.05,208,0.06,1342,1016,0.76,458,0.34,1335,0.99,2488,29,0.01,931,0.37,92237,3351,227,0.07,476,0.14,677,25,0.04,56,0.08,715,5,0.01,120,0.17
7_town,Bridgewater,1782,227,0.13,612,0.34,911,0.51,871,0.49,1609,0.9,76,0.04,58,0.03,39,0.02,94,0.05,725,618,0.85,158,0.23,718,0.99,1438,54,0.04,800,0.56,130186,1782,68,0.04,136,0.08,227,16,0.07,21,0.09,612,4,0.01,23,0.04
7_town,Canaan,1178,165,0.14,266,0.23,595,0.51,583,0.49,1108,0.94,36,0.03,6,0.01,28,0.02,59,0.05,546,471,0.86,200,0.39,536,0.98,920,15,0.02,432,0.47,68750,1178,175,0.15,286,0.24,165,6,0.04,16,0.1,266,3,0.01,44,0.17
7_town,Colebrook,1362,247,0.18,230,0.17,691,0.51,671,0.49,1282,0.94,13,0.01,31,0.02,36,0.03,47,0.03,599,535,0.89,86,0.15,574,0.96,1029,45,0.04,339,0.33,96250,1318,82,0.06,181,0.14,247,32,0.13,50,0.2,230,12,0.05,31,0.13
7_town,Cornwall,1344,197,0.15,383,0.28,645,0.48,699,0.52,1171,0.87,6,0,96,0.07,71,0.05,123,0.09,623,507,0.81,230,0.39,601,0.96,1052,34,0.03,581,0.55,90197,1344,125,0.09,242,0.18,197,39,0.2,50,0.25,383,9,0.02,49,0.13
7_town,Goshen,2877,557,0.19,613,0.21,1503,0.52,1374,0.48,2554,0.89,3,0,74,0.03,246,0.09,88,0.03,995,921,0.93,196,0.2,987,0.99,2104,6,0,902,0.43,117438,2877,189,0.07,363,0.13,557,118,0.21,126,0.23,613,16,0.03,96,0.16
7_town,Harwinton,5428,1215,0.22,1170,0.22,2801,0.52,2627,0.48,5218,0.96,85,0.02,74,0.01,51,0.01,155,0.03,2038,1954,0.96,489,0.24,2008,0.99,3858,197,0.05,1555,0.4,110652,5410,104,0.02,281,0.05,1197,21,0.02,21,0.02,1170,23,0.02,115,0.1
7_town,Kent,2789,195,0.07,850,0.3,1348,0.48,1441,0.52,2455,0.88,29,0.01,79,0.03,226,0.08,189,0.07,1277,1020,0.8,350,0.28,1165,0.91,2278,130,0.06,1024,0.45,77344,2534,104,0.04,314,0.12,171,0,0,16,0.09,798,8,0.01,67,0.08
7_town,Litchfield,8126,1246,0.15,2282,0.28,3903,0.48,4223,0.52,6957,0.86,213,0.03,601,0.07,355,0.04,672,0.08,3371,2708,0.8,1042,0.31,3192,0.95,6265,281,0.04,2652,0.42,87241,8004,468,0.06,1244,0.16,1224,64,0.05,174,0.14,2201,140,0.06,453,0.21
7_town,Morris,2109,441,0.21,416,0.2,1072,0.51,1037,0.49,1985,0.94,0,0,80,0.04,44,0.02,41,0.02,891,780,0.88,287,0.34,857,0.96,1562,64,0.04,511,0.33,82240,2109,149,0.07,371,0.18,441,48,0.11,112,0.25,416,16,0.04,86,0.21
7_town,New Hartford,6678,1822,0.27,858,0.13,3442,0.52,3236,0.48,6296,0.94,4,0,109,0.02,269,0.04,266,0.04,2586,2202,0.85,563,0.23,2527,0.98,4470,36,0.01,1992,0.45,103400,6664,60,0.01,416,0.06,1808,0,0,75,0.04,858,44,0.05,72,0.08
7_town,New Milford,26893,5336,0.2,3982,0.15,12525,0.47,14368,0.53,23048,0.86,477,0.02,1897,0.07,1471,0.05,2695,0.1,10221,8164,0.8,3531,0.35,10050,0.98,19584,1026,0.05,8011,0.41,93815,26558,1841,0.07,3992,0.15,5225,391,0.07,902,0.17,3796,118,0.03,567,0.15
7_town,Norfolk,1611,334,0.21,457,0.28,745,0.46,866,0.54,1470,0.91,6,0,31,0.02,104,0.06,64,0.04,686,513,0.75,272,0.41,658,0.96,1249,52,0.04,550,0.44,75179,1606,137,0.09,264,0.16,329,34,0.1,45,0.14,457,26,0.06,71,0.16
7_town,North Canaan,3269,684,0.21,731,0.22,1777,0.54,1492,0.46,2816,0.86,79,0.02,332,0.1,42,0.01,307,0.09,1310,863,0.66,482,0.37,1149,0.88,2397,318,0.13,572,0.24,63214,3131,436,0.14,847,0.27,656,119,0.18,196,0.3,641,20,0.03,170,0.27
7_town,Plymouth,11646,2111,0.18,2016,0.17,5490,0.47,6156,0.53,10113,0.87,91,0.01,702,0.06,740,0.06,369,0.03,4861,3728,0.77,1426,0.3,4665,0.96,8400,512,0.06,2286,0.27,79029,11489,676,0.06,1826,0.16,2016,203,0.1,526,0.26,1959,115,0.06,363,0.19
7_town,Roxbury,2118,356,0.17,644,0.3,1109,0.52,1009,0.48,1984,0.94,0,0,56,0.03,78,0.04,131,0.06,963,756,0.79,373,0.41,948,0.98,1631,28,0.02,983,0.6,109063,2113,90,0.04,278,0.13,351,19,0.05,40,0.11,644,36,0.06,122,0.19
7_town,Salisbury,3604,800,0.22,1140,0.32,1606,0.45,1998,0.55,3412,0.95,22,0.01,64,0.02,106,0.03,245,0.07,1422,965,0.68,395,0.29,1337,0.94,2694,124,0.05,1350,0.5,72632,3518,188,0.05,596,0.17,799,51,0.06,141,0.18,1106,4,0,74,0.07
7_town,Sharon,2706,303,0.11,1038,0.38,1124,0.42,1582,0.58,2452,0.91,13,0,161,0.06,80,0.03,191,0.07,1367,1040,0.76,335,0.25,1348,0.99,2152,121,0.06,1110,0.52,97560,2688,298,0.11,665,0.25,285,89,0.31,120,0.42,1038,56,0.05,183,0.18
7_town,Thomaston,7558,1560,0.21,1347,0.18,3910,0.52,3648,0.48,6648,0.88,54,0.01,605,0.08,251,0.03,516,0.07,3034,2264,0.75,996,0.33,2755,0.91,5340,551,0.1,1498,0.28,71039,7546,361,0.05,944,0.13,1551,57,0.04,102,0.07,1347,48,0.04,273,0.2
7_town,Torrington,34259,6357,0.19,6594,0.19,17367,0.51,16892,0.49,28536,0.83,1067,0.03,3176,0.09,1480,0.04,3063,0.09,14377,9909,0.69,5006,0.35,13122,0.91,25266,2398,0.09,5705,0.23,60662,33529,3711,0.11,9460,0.28,6123,864,0.14,2572,0.42,6201,423,0.07,1617,0.26
7_town,Warren,1459,241,0.17,359,0.25,827,0.57,632,0.43,1206,0.83,18,0.01,97,0.07,138,0.09,58,0.04,552,504,0.91,134,0.25,538,0.97,1012,39,0.04,538,0.53,121875,1449,24,0.02,138,0.1,231,3,0.01,18,0.08,359,14,0.04,76,0.21
7_town,Washington,3435,605,0.18,931,0.27,1691,0.49,1744,0.51,2918,0.85,46,0.01,370,0.11,101,0.03,402,0.12,1405,1061,0.76,500,0.36,1381,0.98,2586,108,0.04,1517,0.59,102114,3299,244,0.07,566,0.17,574,26,0.05,86,0.15,931,52,0.06,165,0.18
7_town,Watertown,21668,3491,0.16,4716,0.22,10691,0.49,10977,0.51,18809,0.87,231,0.01,1965,0.09,663,0.03,2165,0.1,9018,6847,0.76,2996,0.34,8474,0.94,16423,1291,0.08,5410,0.33,71964,21601,1105,0.05,3324,0.15,3477,196,0.06,527,0.15,4666,248,0.05,1007,0.22
7_town,Winchester,10676,1483,0.14,2493,0.23,5575,0.52,5101,0.48,9484,0.89,111,0.01,618,0.06,463,0.04,602,0.06,4818,2775,0.58,1550,0.34,4227,0.88,8370,468,0.06,2403,0.29,63882,10570,1485,0.14,2491,0.24,1398,201,0.14,359,0.26,2482,206,0.08,419,0.17
7_town,Woodbury,9529,1506,0.16,2891,0.3,4596,0.48,4933,0.52,8648,0.91,48,0.01,568,0.06,265,0.03,707,0.07,4533,3665,0.81,1256,0.28,4489,0.99,7515,270,0.04,3477,0.46,100850,9520,478,0.05,1132,0.12,1497,92,0.06,204,0.14,2891,158,0.05,391,0.14
7_town,Chester,4219,699,0.17,1047,0.25,2046,0.48,2173,0.52,3896,0.92,46,0.01,218,0.05,59,0.01,231,0.05,1724,1314,0.76,671,0.39,1633,0.95,3168,129,0.04,1059,0.33,87717,4103,218,0.05,576,0.14,699,24,0.03,68,0.1,947,45,0.05,159,0.17
7_town,Clinton,12926,2279,0.18,2732,0.21,6592,0.51,6334,0.49,11604,0.9,15,0,1041,0.08,266,0.02,832,0.06,5299,4399,0.83,1677,0.32,5126,0.97,9585,528,0.06,3878,0.4,90332,12876,751,0.06,1691,0.13,2261,174,0.08,313,0.14,2700,90,0.03,248,0.09
7_town,Cromwell,13865,2646,0.19,2933,0.21,6938,0.5,6927,0.5,10429,0.75,940,0.07,1405,0.1,1091,0.08,1207,0.09,5706,4229,0.74,1639,0.3,5436,0.95,10495,612,0.06,4676,0.45,89562,13525,933,0.07,2536,0.19,2642,212,0.08,617,0.23,2676,155,0.06,461,0.17
7_town,Deep River,4466,901,0.2,900,0.2,2181,0.49,2285,0.51,4063,0.91,107,0.02,218,0.05,78,0.02,428,0.1,1987,1389,0.7,534,0.27,1875,0.94,3338,140,0.04,1463,0.44,80495,4442,133,0.03,378,0.09,885,0,0,17,0.02,900,8,0.01,108,0.12
7_town,Durham,7196,1219,0.17,1513,0.21,3421,0.48,3775,0.52,6631,0.92,13,0,194,0.03,358,0.05,193,0.03,2932,2725,0.93,520,0.18,2877,0.98,5594,207,0.04,2979,0.53,130635,7140,327,0.05,766,0.11,1216,0,0,109,0.09,1475,92,0.06,255,0.17
7_town,East Haddam,8989,1546,0.17,1898,0.21,4644,0.52,4345,0.48,8542,0.95,17,0,260,0.03,170,0.02,354,0.04,3813,3250,0.85,865,0.23,3761,0.99,6861,277,0.04,2747,0.4,95685,8881,315,0.04,1233,0.14,1543,82,0.05,222,0.14,1829,44,0.02,429,0.23
7_town,East Hampton,12819,2874,0.22,2441,0.19,6321,0.49,6498,0.51,11685,0.91,166,0.01,302,0.02,666,0.05,656,0.05,4879,4331,0.89,1377,0.28,4799,0.98,9160,596,0.07,3205,0.35,95663,12690,704,0.06,1353,0.11,2831,247,0.09,259,0.09,2366,50,0.02,262,0.11
7_town,Essex,6611,1144,0.17,1819,0.28,3267,0.49,3344,0.51,6109,0.92,1,0,144,0.02,357,0.05,464,0.07,2907,2135,0.73,877,0.31,2850,0.98,4825,68,0.01,2723,0.56,102243,6561,310,0.05,948,0.14,1142,58,0.05,218,0.19,1784,66,0.04,318,0.18
7_town,Haddam,8222,1759,0.21,1609,0.2,4306,0.52,3916,0.48,7318,0.89,97,0.01,247,0.03,560,0.07,535,0.07,3070,2613,0.85,828,0.28,3036,0.99,6127,281,0.05,2898,0.47,107073,8102,241,0.03,1020,0.13,1759,0,0,238,0.14,1510,110,0.07,254,0.17
7_town,Killingworth,6390,1231,0.19,1338,0.21,3119,0.49,3271,0.51,5973,0.93,0,0,101,0.02,316,0.05,290,0.05,2353,2208,0.94,539,0.23,2325,0.99,4711,67,0.01,2361,0.5,104462,6390,314,0.05,512,0.08,1231,45,0.04,71,0.06,1338,137,0.1,177,0.13
7_town,Middlefield,4375,745,0.17,961,0.22,2133,0.49,2242,0.51,4158,0.95,0,0,102,0.02,115,0.03,92,0.02,1842,1484,0.81,593,0.32,1805,0.98,3327,98,0.03,1110,0.33,79042,4375,373,0.09,681,0.16,745,69,0.09,146,0.2,961,166,0.17,285,0.3
7_town,Middletown,46406,7304,0.16,7511,0.16,22610,0.49,23796,0.51,30977,0.67,6404,0.14,4761,0.1,4264,0.09,5588,0.12,19876,10400,0.52,7651,0.4,17919,0.9,32364,2116,0.07,12896,0.4,62022,42408,5227,0.12,10265,0.24,7218,1164,0.16,2336,0.32,7045,729,0.1,1747,0.25
7_town,Old Saybrook,10072,1683,0.17,2636,0.26,4420,0.44,5652,0.56,9340,0.93,66,0.01,370,0.04,296,0.03,683,0.07,4218,3457,0.82,1304,0.32,3952,0.94,7785,244,0.03,3917,0.5,86802,9963,431,0.04,1624,0.16,1680,54,0.03,415,0.25,2540,134,0.05,401,0.16
7_town,Portland,9301,2103,0.23,1662,0.18,4489,0.48,4812,0.52,8617,0.93,61,0.01,400,0.04,223,0.02,277,0.03,3674,3031,0.82,959,0.27,3554,0.97,6687,492,0.07,2481,0.37,97754,9232,648,0.07,1430,0.15,2103,229,0.11,348,0.17,1593,45,0.03,253,0.16
7_town,Westbrook,6885,609,0.09,2127,0.31,3000,0.44,3885,0.56,5937,0.86,37,0.01,663,0.1,248,0.04,891,0.13,3485,2861,0.82,1146,0.33,3426,0.98,5712,485,0.08,2752,0.48,73988,6874,209,0.03,861,0.13,609,20,0.03,45,0.07,2127,73,0.03,412,0.19
7_town,Ansonia,18709,3390,0.18,3586,0.19,9160,0.49,9549,0.51,11541,0.62,2278,0.12,4045,0.22,845,0.05,2682,0.14,8191,4845,0.59,3469,0.44,7375,0.9,14196,1614,0.11,3278,0.23,53709,18709,2744,0.15,6171,0.33,3390,674,0.2,1465,0.43,3586,447,0.12,1295,0.36
7_town,Beacon Falls,6185,1168,0.19,1447,0.23,3243,0.52,2942,0.48,5714,0.92,44,0.01,361,0.06,66,0.01,490,0.08,2644,2307,0.87,1010,0.38,2577,0.97,4607,181,0.04,1677,0.36,83841,6166,254,0.04,835,0.14,1149,0,0,34,0.03,1447,86,0.06,284,0.2
7_town,Bethany,5492,1021,0.19,918,0.17,2692,0.49,2800,0.51,4724,0.86,124,0.02,153,0.03,491,0.09,659,0.12,1860,1705,0.92,428,0.23,1838,0.99,3867,244,0.06,1990,0.51,151034,5441,148,0.03,311,0.06,970,73,0.08,73,0.08,918,15,0.02,69,0.08
7_town,Branford,27924,4343,0.16,6922,0.25,13203,0.47,14721,0.53,24090,0.86,677,0.02,1682,0.06,1475,0.05,2572,0.09,12707,8317,0.65,4646,0.38,12053,0.95,21961,825,0.04,10201,0.46,80471,27724,1442,0.05,4470,0.16,4330,232,0.05,819,0.19,6755,269,0.04,1038,0.15
7_town,Cheshire,29017,5476,0.19,5746,0.2,15162,0.52,13855,0.48,22949,0.79,1101,0.04,1520,0.05,3447,0.12,2693,0.09,10207,8822,0.86,1817,0.18,9775,0.96,20869,1259,0.06,11706,0.56,122477,26618,695,0.03,1847,0.07,5290,71,0.01,278,0.05,5526,264,0.05,510,0.09
7_town,Derby,12420,1876,0.15,2482,0.2,5881,0.47,6539,0.53,8359,0.67,770,0.06,2631,0.21,660,0.05,1416,0.11,5740,3686,0.64,2592,0.47,5265,0.92,9830,917,0.09,2474,0.25,58534,12201,1514,0.12,3891,0.32,1855,405,0.22,1110,0.6,2315,399,0.17,625,0.27
7_town,East Haven,28645,5633,0.2,5196,0.18,13762,0.48,14883,0.52,20372,0.71,1229,0.04,5391,0.19,1653,0.06,3675,0.13,10669,7913,0.74,4141,0.4,9802,0.92,20324,1826,0.09,4609,0.23,67773,28370,2523,0.09,6740,0.24,5604,774,0.14,1851,0.33,4972,327,0.07,1051,0.21
7_town,Guilford,22164,4687,0.21,5440,0.25,11084,0.5,11080,0.5,19434,0.88,286,0.01,1145,0.05,1299,0.06,1914,0.09,8482,7298,0.86,2655,0.32,8244,0.97,16169,625,0.04,9375,0.58,108243,21991,648,0.03,2235,0.1,4687,119,0.03,296,0.06,5292,76,0.01,779,0.15
7_town,Hamden,60740,11013,0.18,9649,0.16,28472,0.47,32268,0.53,32515,0.54,15253,0.25,7306,0.12,5666,0.09,7773,0.13,22157,14105,0.64,7591,0.35,20304,0.92,39873,2352,0.06,18356,0.46,78602,55013,5055,0.09,10652,0.19,10831,1057,0.1,2416,0.22,9292,669,0.07,2070,0.22
7_town,Madison,18065,3757,0.21,4316,0.24,8797,0.49,9268,0.51,16470,0.91,59,0,535,0.03,1001,0.06,1206,0.07,6789,5853,0.86,1985,0.3,6567,0.97,12951,252,0.02,8552,0.66,119777,17887,463,0.03,1307,0.07,3722,56,0.02,160,0.04,4224,171,0.04,588,0.14
7_town,Meriden,59512,11763,0.2,9454,0.16,27569,0.46,31943,0.54,31821,0.53,4876,0.08,19880,0.33,2935,0.05,6449,0.11,25222,14587,0.58,8247,0.34,22285,0.88,42710,6048,0.14,9301,0.22,58472,58805,6388,0.11,17240,0.29,11716,1908,0.16,5344,0.46,8877,766,0.09,2602,0.29
7_town,Middlebury,7771,1617,0.21,1925,0.25,3610,0.46,4161,0.54,6722,0.87,31,0,390,0.05,628,0.08,838,0.11,2913,2536,0.87,625,0.22,2778,0.95,5638,227,0.04,2910,0.52,120480,7739,233,0.03,730,0.09,1609,17,0.01,34,0.02,1901,91,0.05,466,0.25
7_town,Milford,54503,9496,0.17,10688,0.2,26992,0.5,27511,0.5,44786,0.82,1619,0.03,3261,0.06,4837,0.09,6406,0.12,22360,16662,0.75,7174,0.33,21286,0.95,41245,1930,0.05,18755,0.45,95627,54081,2226,0.04,6143,0.11,9418,392,0.04,1091,0.12,10382,498,0.05,1523,0.15
7_town,Naugatuck,31201,6219,0.2,4539,0.15,15939,0.51,15262,0.49,22514,0.72,2634,0.08,3939,0.13,2114,0.07,4373,0.14,11843,8006,0.68,3770,0.33,11112,0.94,22190,1939,0.09,6670,0.3,77967,30849,2034,0.07,5614,0.18,6116,576,0.09,1746,0.29,4340,231,0.05,695,0.16
7_town,New Haven,130381,29447,0.23,14153,0.11,60781,0.47,69600,0.53,37883,0.29,41517,0.32,40177,0.31,10804,0.08,22702,0.17,49051,13715,0.28,24196,0.51,36473,0.74,80999,11688,0.14,28548,0.35,44507,121760,30659,0.25,59151,0.49,28985,9975,0.34,18677,0.64,13650,2373,0.17,6111,0.45
7_town,North Branford,14147,2403,0.17,3089,0.22,7133,0.5,7014,0.5,13218,0.93,42,0,350,0.02,537,0.04,678,0.05,5552,4777,0.86,1639,0.3,5331,0.96,10520,452,0.04,3719,0.35,96019,14106,336,0.02,1723,0.12,2403,0,0,271,0.11,3048,175,0.06,615,0.2
7_town,North Haven,23665,4412,0.19,5424,0.23,11575,0.49,12090,0.51,19602,0.83,1256,0.05,1266,0.05,1541,0.07,1632,0.07,9159,7561,0.83,2436,0.27,8782,0.96,17584,700,0.04,8050,0.46,104812,23458,1059,0.05,2872,0.12,4341,239,0.06,481,0.11,5317,211,0.04,909,0.17
7_town,Orange,13928,3023,0.22,3171,0.23,6398,0.46,7530,0.54,10967,0.79,839,0.06,329,0.02,1793,0.13,1873,0.13,5013,4537,0.91,1339,0.27,4848,0.97,9704,214,0.02,5865,0.6,129489,13869,254,0.02,857,0.06,3023,21,0.01,191,0.06,3120,132,0.04,269,0.09
7_town,Oxford,13141,2840,0.22,2658,0.2,6675,0.51,6466,0.49,11719,0.89,168,0.01,883,0.07,371,0.03,1060,0.08,4987,4613,0.93,1159,0.23,4756,0.95,9553,417,0.04,3932,0.41,106089,13141,262,0.02,986,0.08,2840,0,0,40,0.01,2658,68,0.03,334,0.13
7_town,Prospect,9710,2009,0.21,2015,0.21,4848,0.5,4862,0.5,8354,0.86,519,0.05,377,0.04,460,0.05,680,0.07,3324,3054,0.92,762,0.23,3278,0.99,7123,372,0.05,2439,0.34,106667,9577,116,0.01,840,0.09,2000,0,0,298,0.15,1909,34,0.02,213,0.11
7_town,Seymour,16469,3695,0.22,2626,0.16,7762,0.47,8707,0.53,13959,0.85,238,0.01,1674,0.1,598,0.04,1368,0.08,6297,4579,0.73,2081,0.34,5714,0.91,11240,545,0.05,3522,0.31,80396,16276,707,0.04,2806,0.17,3638,275,0.08,859,0.24,2496,89,0.04,429,0.17
7_town,Southbury,19619,3845,0.2,5639,0.29,9542,0.49,10077,0.51,17157,0.87,516,0.03,914,0.05,1032,0.05,1199,0.06,8019,6864,0.86,2618,0.34,7449,0.93,14620,799,0.05,7640,0.52,102128,19383,933,0.05,2185,0.11,3831,85,0.02,316,0.08,5421,511,0.09,1111,0.2
7_town,Wallingford,44428,7152,0.16,9975,0.22,20666,0.47,23762,0.53,35892,0.81,490,0.01,4966,0.11,3080,0.07,5391,0.12,18375,13272,0.72,4930,0.28,16994,0.92,34458,2939,0.09,12132,0.35,83054,43449,2756,0.06,5637,0.13,7146,538,0.08,1069,0.15,9297,658,0.07,1922,0.21
7_town,Waterbury,107841,25915,0.24,15157,0.14,51994,0.48,55847,0.52,41981,0.39,20365,0.19,39519,0.37,5976,0.06,18154,0.17,42135,18976,0.45,18246,0.45,34398,0.82,71644,14014,0.2,12274,0.17,46329,106083,22591,0.21,46817,0.44,25471,7882,0.31,15601,0.61,14585,1726,0.12,5125,0.35
7_town,West Haven,54666,11437,0.21,6996,0.13,27096,0.5,27570,0.5,26356,0.48,9544,0.17,14660,0.27,4106,0.08,10727,0.2,19729,10140,0.51,8241,0.43,17211,0.87,35848,4560,0.13,8987,0.25,64255,51462,5698,0.11,15065,0.29,11316,1546,0.14,4762,0.42,6767,277,0.04,1285,0.19
7_town,Wolcott,16611,3288,0.2,3606,0.22,8007,0.48,8604,0.52,14500,0.87,227,0.01,1326,0.08,558,0.03,1152,0.07,6405,5459,0.85,1715,0.28,6271,0.98,11974,650,0.05,3660,0.31,96014,16480,612,0.04,1870,0.11,3284,119,0.04,401,0.12,3519,158,0.04,737,0.21
7_town,Woodbridge,8779,2092,0.24,2040,0.23,4361,0.5,4418,0.5,6356,0.72,331,0.04,464,0.05,1628,0.19,1756,0.2,2935,2621,0.89,673,0.23,2865,0.98,6363,202,0.03,4567,0.72,169155,8677,216,0.02,672,0.08,2082,73,0.04,190,0.09,1958,1,0,63,0.03
7_town,Bozrah,2614,614,0.23,468,0.18,1358,0.52,1256,0.48,2382,0.91,80,0.03,54,0.02,98,0.04,68,0.03,960,793,0.83,139,0.15,946,0.99,1741,55,0.03,504,0.29,91838,2611,128,0.05,445,0.17,611,61,0.1,180,0.29,468,2,0,82,0.18
7_town,Colchester,15885,3741,0.24,2476,0.16,8069,0.51,7816,0.49,14100,0.89,317,0.02,853,0.05,615,0.04,814,0.05,6145,4800,0.78,1596,0.26,6001,0.98,11310,455,0.04,4881,0.43,107914,15710,1024,0.07,2478,0.16,3741,433,0.12,835,0.22,2326,116,0.05,366,0.16
7_town,East Lyme,18618,3424,0.18,4346,0.23,8378,0.45,10240,0.55,14595,0.78,668,0.04,1250,0.07,2105,0.11,1754,0.09,7361,5360,0.73,2095,0.29,7148,0.97,14003,770,0.05,6628,0.47,96023,16933,874,0.05,2365,0.14,3396,186,0.05,469,0.14,4172,190,0.05,686,0.16
7_town,Franklin,1837,430,0.23,318,0.17,887,0.48,950,0.52,1475,0.8,40,0.02,158,0.09,164,0.09,48,0.03,702,575,0.82,141,0.21,683,0.97,1256,75,0.06,375,0.3,91875,1819,67,0.04,238,0.13,412,17,0.04,59,0.14,318,19,0.06,66,0.21
7_town,Griswold,11627,2340,0.2,2265,0.19,5904,0.51,5723,0.49,10068,0.87,32,0,460,0.04,1067,0.09,299,0.03,5279,4006,0.76,1486,0.29,5138,0.97,8359,901,0.11,1392,0.17,62361,11614,755,0.07,2714,0.23,2332,104,0.04,628,0.27,2265,15,0.01,460,0.2
7_town,Groton,38634,7397,0.19,6364,0.16,21232,0.55,17402,0.45,26039,0.67,2524,0.07,5367,0.14,4704,0.12,3437,0.09,16184,7917,0.49,5494,0.35,15069,0.93,25103,1556,0.06,9572,0.38,68849,35458,3223,0.09,9625,0.27,7257,1073,0.15,2959,0.41,6022,352,0.06,1274,0.21
7_town,Lebanon,7175,1260,0.18,1401,0.2,3782,0.53,3393,0.47,6635,0.92,0,0,396,0.06,144,0.02,291,0.04,2921,2704,0.93,791,0.28,2921,1,5365,318,0.06,1689,0.31,97422,7170,310,0.04,1178,0.16,1256,125,0.1,327,0.26,1401,67,0.05,333,0.24
7_town,Ledyard,14730,3694,0.25,2180,0.15,7301,0.5,7429,0.5,11724,0.8,280,0.02,886,0.06,1840,0.12,485,0.03,5666,4817,0.85,1177,0.21,5545,0.98,9953,167,0.02,3751,0.38,92439,14702,805,0.05,1882,0.13,3668,367,0.1,808,0.22,2180,26,0.01,204,0.09
7_town,Lisbon,4246,967,0.23,717,0.17,2081,0.49,2165,0.51,3925,0.92,13,0,49,0.01,259,0.06,100,0.02,1759,1563,0.89,554,0.33,1735,0.99,2929,154,0.05,697,0.24,86641,4241,184,0.04,683,0.16,967,64,0.07,261,0.27,717,15,0.02,141,0.2
7_town,Lyme,2425,341,0.14,673,0.28,1246,0.51,1179,0.49,2270,0.94,63,0.03,21,0.01,71,0.03,160,0.07,988,866,0.88,223,0.23,961,0.97,1819,39,0.02,985,0.54,106667,2425,26,0.01,225,0.09,341,0,0,68,0.2,673,12,0.02,71,0.11
7_town,Montville,18747,3355,0.18,2934,0.16,10303,0.55,8444,0.45,14198,0.76,1223,0.07,1725,0.09,1601,0.09,1533,0.08,6728,5502,0.82,1630,0.25,6424,0.95,13572,1259,0.09,3104,0.23,80765,17262,1074,0.06,2727,0.16,3263,192,0.06,465,0.14,2793,113,0.04,440,0.16
7_town,New London,27001,5000,0.19,3395,0.13,12995,0.48,14006,0.52,12480,0.46,3442,0.13,9048,0.34,2031,0.08,5074,0.19,10991,4373,0.4,4682,0.44,9116,0.83,16515,2327,0.14,4491,0.27,47424,23278,5571,0.24,10121,0.43,4929,1946,0.39,2903,0.59,3218,398,0.12,1174,0.36
7_town,North Stonington,5239,947,0.18,1240,0.24,2674,0.51,2565,0.49,4487,0.86,29,0.01,376,0.07,347,0.07,205,0.04,2168,1908,0.88,737,0.35,2009,0.93,3825,277,0.07,1541,0.4,61963,5234,345,0.07,1282,0.24,945,101,0.11,321,0.34,1240,0,0,228,0.18
7_town,Norwich,39112,7960,0.2,6661,0.17,18776,0.48,20336,0.52,23953,0.61,3928,0.1,6161,0.16,5070,0.13,5637,0.14,16382,8677,0.53,6038,0.38,14613,0.89,27753,3140,0.11,5946,0.21,57565,38742,3979,0.1,11972,0.31,7812,845,0.11,2871,0.37,6477,579,0.09,1978,0.31
7_town,Old Lyme,7371,1397,0.19,1952,0.26,3686,0.5,3685,0.5,6839,0.93,0,0,321,0.04,211,0.03,470,0.06,3162,2578,0.82,853,0.27,3131,0.99,5628,240,0.04,3054,0.54,105417,7340,272,0.04,721,0.1,1366,37,0.03,102,0.07,1952,100,0.05,326,0.17
7_town,Preston,4644,932,0.2,840,0.18,2132,0.46,2512,0.54,4042,0.87,0,0,90,0.02,512,0.11,377,0.08,1808,1584,0.88,533,0.3,1784,0.99,3239,216,0.07,779,0.24,87885,4644,256,0.06,731,0.16,932,105,0.11,198,0.21,840,35,0.04,161,0.19
7_town,Salem,4096,875,0.21,667,0.16,2004,0.49,2092,0.51,3641,0.89,118,0.03,271,0.07,66,0.02,200,0.05,1652,1404,0.85,410,0.25,1614,0.98,3006,82,0.03,1598,0.53,104725,4077,200,0.05,388,0.1,875,51,0.06,51,0.06,667,0,0,145,0.22
7_town,Sprague,2887,603,0.21,475,0.16,1441,0.5,1446,0.5,2392,0.83,90,0.03,214,0.07,191,0.07,54,0.02,1142,707,0.62,278,0.25,1127,0.99,2070,196,0.09,452,0.22,72989,2832,370,0.13,725,0.26,548,113,0.21,203,0.37,475,26,0.05,112,0.24
7_town,Stonington,18539,3020,0.16,4833,0.26,9070,0.49,9469,0.51,16021,0.86,357,0.02,733,0.04,1428,0.08,945,0.05,8583,6272,0.73,2290,0.27,8326,0.97,14444,618,0.04,7030,0.49,93349,18254,816,0.04,2348,0.13,3010,133,0.04,457,0.15,4677,140,0.03,505,0.11
7_town,Voluntown,2530,400,0.16,390,0.15,1193,0.47,1337,0.53,2295,0.91,0,0,91,0.04,144,0.06,52,0.02,1095,853,0.78,187,0.18,967,0.88,1882,115,0.06,403,0.21,84583,2530,105,0.04,386,0.15,400,14,0.04,126,0.32,390,12,0.03,59,0.15
7_town,Waterford,18911,3310,0.18,4154,0.22,9206,0.49,9705,0.51,16026,0.85,588,0.03,1036,0.05,1261,0.07,1069,0.06,7940,6306,0.79,2015,0.26,7590,0.96,14316,578,0.04,5784,0.4,90670,18437,1226,0.07,2939,0.16,3249,357,0.11,745,0.23,3857,264,0.07,655,0.17
7_town,Andover,3178,516,0.16,528,0.17,1508,0.47,1670,0.53,2865,0.9,106,0.03,61,0.02,146,0.05,198,0.06,1203,1039,0.86,311,0.26,1193,0.99,2330,79,0.03,901,0.39,99449,3178,80,0.03,375,0.12,516,0,0,106,0.21,528,0,0,26,0.05
7_town,Bolton,4902,911,0.19,995,0.2,2358,0.48,2544,0.52,4313,0.88,41,0.01,319,0.07,229,0.05,392,0.08,1835,1680,0.92,414,0.23,1731,0.94,3492,151,0.04,1562,0.45,112622,4886,225,0.05,458,0.09,895,17,0.02,25,0.03,995,69,0.07,132,0.13
7_town,Columbia,5402,810,0.15,1202,0.22,3187,0.59,2215,0.41,5030,0.93,3,0,240,0.04,129,0.02,110,0.02,2357,1976,0.84,434,0.19,2334,0.99,4227,503,0.12,1708,0.4,104911,5402,131,0.02,955,0.18,810,0,0,78,0.1,1202,50,0.04,345,0.29
7_town,Coventry,12434,2517,0.2,1992,0.16,6351,0.51,6083,0.49,11400,0.92,56,0,259,0.02,719,0.06,558,0.04,4756,4272,0.9,747,0.16,4688,0.99,8804,248,0.03,3861,0.44,93619,12416,632,0.05,1289,0.1,2500,201,0.08,406,0.16,1992,1,0,141,0.07
7_town,Ellington,16348,3559,0.22,2794,0.17,8183,0.5,8165,0.5,13636,0.83,401,0.02,926,0.06,1385,0.08,1212,0.07,6844,4555,0.67,1875,0.28,6694,0.98,11392,567,0.05,5234,0.46,89645,16202,681,0.04,1999,0.12,3413,138,0.04,266,0.08,2794,55,0.02,578,0.21
7_town,Hebron,9506,2028,0.21,1600,0.17,4889,0.51,4617,0.49,8799,0.93,5,0,426,0.04,276,0.03,373,0.04,3603,3300,0.92,890,0.25,3479,0.97,6752,186,0.03,3509,0.52,126045,9497,377,0.04,679,0.07,2022,97,0.05,151,0.07,1600,27,0.02,140,0.09
7_town,Mansfield,25682,2060,0.08,2334,0.09,12158,0.47,13524,0.53,20171,0.79,862,0.03,1328,0.05,3321,0.13,2984,0.12,5798,2954,0.51,2696,0.5,5230,0.9,7418,401,0.05,4208,0.57,50492,13279,3555,0.27,5616,0.42,1918,154,0.08,369,0.19,2240,195,0.09,554,0.25
7_town,Somers,10853,2153,0.2,2061,0.19,6106,0.56,4747,0.44,9000,0.83,591,0.05,774,0.07,488,0.04,394,0.04,3429,3016,0.88,830,0.25,3371,0.98,7886,807,0.1,3119,0.4,106305,9260,181,0.02,696,0.08,2145,32,0.01,156,0.07,1962,97,0.05,255,0.13
7_town,Stafford,11878,2353,0.2,2100,0.18,5684,0.48,6194,0.52,10880,0.92,23,0,520,0.04,455,0.04,257,0.02,4743,3597,0.76,1226,0.26,4523,0.95,8348,466,0.06,2128,0.25,82546,11618,577,0.05,1938,0.17,2244,107,0.05,513,0.23,1949,139,0.07,437,0.22
7_town,Tolland,14685,3083,0.21,2273,0.15,7211,0.49,7474,0.51,13200,0.9,116,0.01,517,0.04,852,0.06,925,0.06,5460,5062,0.93,941,0.18,5347,0.98,10371,179,0.02,5425,0.52,118367,14548,664,0.05,1485,0.1,3083,115,0.04,375,0.12,2148,68,0.03,162,0.08
7_town,Union,903,142,0.16,256,0.28,403,0.45,500,0.55,859,0.95,0,0,8,0.01,36,0.04,41,0.05,408,395,0.97,126,0.31,398,0.98,717,17,0.02,229,0.32,81111,903,36,0.04,125,0.14,142,12,0.08,45,0.32,256,20,0.08,36,0.14
7_town,Vernon,29300,5282,0.18,4709,0.16,14264,0.49,15036,0.51,21602,0.74,1982,0.07,2932,0.1,2784,0.1,3298,0.11,12949,6671,0.52,4497,0.35,11865,0.92,20976,1336,0.06,7633,0.36,67492,29023,2802,0.1,7027,0.24,5274,290,0.05,1522,0.29,4440,240,0.05,891,0.2
7_town,Willington,5876,761,0.13,1030,0.18,3397,0.58,2479,0.42,4575,0.78,86,0.01,359,0.06,856,0.15,463,0.08,2692,1664,0.62,877,0.33,2662,0.99,3810,123,0.03,1407,0.37,73264,5804,805,0.14,1767,0.3,689,45,0.07,124,0.18,1030,59,0.06,116,0.11
7_town,Ashford,4233,872,0.21,540,0.13,2066,0.49,2167,0.51,3899,0.92,1,0,230,0.05,103,0.02,135,0.03,1779,1368,0.77,342,0.2,1760,0.99,3111,190,0.06,1020,0.33,84909,4233,291,0.07,762,0.18,872,60,0.07,248,0.28,540,32,0.06,96,0.18
7_town,Brooklyn,8254,1812,0.22,1454,0.18,4724,0.57,3530,0.43,7322,0.89,140,0.02,386,0.05,406,0.05,372,0.05,2790,2112,0.76,829,0.3,2582,0.93,5806,663,0.11,1212,0.21,75993,7641,578,0.08,1273,0.17,1732,187,0.11,320,0.18,1383,87,0.06,370,0.27
7_town,Canterbury,5080,990,0.19,1012,0.2,2592,0.51,2488,0.49,4744,0.93,76,0.01,146,0.03,114,0.02,101,0.02,2121,1808,0.85,569,0.28,2082,0.98,3804,417,0.11,839,0.22,86178,5080,181,0.04,504,0.1,990,7,0.01,78,0.08,1012,18,0.02,113,0.11
7_town,Chaplin,2514,409,0.16,450,0.18,1306,0.52,1208,0.48,2195,0.87,0,0,178,0.07,141,0.06,54,0.02,978,873,0.89,251,0.26,958,0.98,1844,175,0.09,446,0.24,83393,2514,140,0.06,421,0.17,409,25,0.06,88,0.22,450,16,0.04,79,0.18
7_town,Eastford,1647,225,0.14,298,0.18,906,0.55,741,0.45,1530,0.93,6,0,66,0.04,45,0.03,43,0.03,669,555,0.83,133,0.21,647,0.97,1257,43,0.03,478,0.38,96625,1625,76,0.05,150,0.09,220,11,0.05,24,0.11,298,19,0.06,38,0.13
7_town,Hampton,1803,356,0.2,338,0.19,985,0.55,818,0.45,1729,0.96,2,0,34,0.02,38,0.02,34,0.02,750,663,0.88,210,0.29,721,0.96,1359,59,0.04,412,0.3,76364,1799,106,0.06,332,0.18,352,22,0.06,108,0.31,338,23,0.07,48,0.14
7_town,Killingly,17267,3691,0.21,2740,0.16,7977,0.46,9290,0.54,15316,0.89,198,0.01,891,0.05,862,0.05,609,0.04,7004,4554,0.65,2501,0.37,6467,0.92,12353,1554,0.13,2614,0.21,66071,16872,2429,0.14,4054,0.24,3583,726,0.2,1138,0.32,2513,245,0.1,708,0.28
7_town,Plainfield,15129,3010,0.2,2491,0.16,7498,0.5,7631,0.5,13490,0.89,414,0.03,495,0.03,730,0.05,591,0.04,5861,4267,0.73,1773,0.31,5586,0.95,11260,1350,0.12,1329,0.12,66689,14914,1383,0.09,3259,0.22,2951,289,0.1,907,0.31,2340,226,0.1,511,0.22
7_town,Pomfret,4178,793,0.19,787,0.19,2061,0.49,2117,0.51,3891,0.93,40,0.01,131,0.03,116,0.03,169,0.04,1669,1325,0.79,370,0.24,1565,0.94,2947,175,0.06,1318,0.45,91788,4002,340,0.08,556,0.14,754,13,0.02,13,0.02,787,24,0.03,150,0.19
7_town,Putnam,9367,1751,0.19,1792,0.19,4422,0.47,4945,0.53,8338,0.89,109,0.01,421,0.04,499,0.05,328,0.04,3967,2329,0.59,1246,0.32,3572,0.9,7048,672,0.1,1543,0.22,64320,9146,588,0.06,2299,0.25,1729,88,0.05,437,0.25,1671,187,0.11,534,0.32
7_town,Scotland,1603,257,0.16,278,0.17,840,0.52,763,0.48,1220,0.76,0,0,106,0.07,277,0.17,64,0.04,590,474,0.8,141,0.24,587,0.99,1069,59,0.06,243,0.23,88077,1601,34,0.02,126,0.08,255,0,0,28,0.11,278,9,0.03,17,0.06
7_town,Sterling,3759,909,0.24,539,0.14,2129,0.57,1630,0.43,3410,0.91,125,0.03,106,0.03,118,0.03,81,0.02,1372,1053,0.77,440,0.35,1300,0.95,2544,215,0.08,510,0.2,84643,3759,401,0.11,956,0.25,909,126,0.14,330,0.36,539,30,0.06,129,0.24
7_town,Thompson,9361,1629,0.17,1689,0.18,4506,0.48,4855,0.52,8709,0.93,1,0,399,0.04,252,0.03,210,0.02,3826,2980,0.78,887,0.24,3738,0.98,7244,621,0.09,1850,0.26,75168,9306,671,0.07,2005,0.22,1600,72,0.04,499,0.31,1689,141,0.08,355,0.21
7_town,Windham,24618,4814,0.2,3346,0.14,11674,0.47,12944,0.53,12401,0.5,1188,0.05,10220,0.42,809,0.03,2445,0.1,8939,3915,0.44,3860,0.45,7774,0.87,14461,2505,0.17,2941,0.2,42909,21211,5337,0.25,10572,0.5,4773,1661,0.35,3244,0.68,3064,369,0.12,783,0.26
7_town,Woodstock,7844,1612,0.21,1566,0.2,4040,0.52,3804,0.48,7366,0.94,0,0,397,0.05,81,0.01,211,0.03,3274,2762,0.84,648,0.2,3180,0.97,5761,193,0.03,2650,0.46,92165,7844,325,0.04,770,0.1,1612,87,0.05,129,0.08,1566,38,0.02,154,0.1
